epoch,time,train/loss,metrics/accuracy_top1,metrics/accuracy_top5,val/loss,lr/pg0,lr/pg1,lr/pg2
1,259.429,0.32448,0.99617,1,0.01444,0.000544327,0.000544327,0.000544327
2,464.94,0.05229,1,1,0.00299,0.00106369,0.00106369,0.00106369
3,664.911,0.05496,0.9949,1,0.02213,0.00154639,0.00154639,0.00154639
4,866.286,0.05156,0.99617,1,0.00699,0.00150197,0.00150197,0.00150197
5,1071.6,0.02102,0.99872,1,0.00428,0.00144696,0.00144696,0.00144696
6,1289.54,0.03784,0.99872,1,0.00163,0.00139195,0.00139195,0.00139195
7,1487.21,0.0436,0.99107,1,0.02336,0.00133693,0.00133693,0.00133693
8,1697.37,0.02434,1,1,0.0008,0.00128192,0.00128192,0.00128192
9,1901.23,0.04325,0.99872,1,0.00299,0.00122691,0.00122691,0.00122691
10,2110.81,0.02319,1,1,0.00153,0.0011719,0.0011719,0.0011719
11,2313.05,0.01828,1,1,0.00127,0.00111689,0.00111689,0.00111689
12,2526.04,0.01111,0.99872,1,0.00253,0.00106188,0.00106188,0.00106188
13,2740.68,0.01094,1,1,0.00034,0.00100687,0.00100687,0.00100687
14,2998.74,0.0079,1,1,0.00098,0.000951857,0.000951857,0.000951857
15,3223.93,0.01392,1,1,0.00037,0.000896846,0.000896846,0.000896846
16,3435.03,0.01658,1,1,0.00047,0.000841835,0.000841835,0.000841835
17,3657.16,0.00894,1,1,0.00035,0.000786824,0.000786824,0.000786824
18,3891.41,0.01624,1,1,0.00132,0.000731813,0.000731813,0.000731813
19,4116.94,0.0193,1,1,0.00078,0.000676802,0.000676802,0.000676802
20,4337.59,0.0105,1,1,0.00219,0.000621791,0.000621791,0.000621791
21,4562.08,0.01013,0.99872,1,0.00152,0.00056678,0.00056678,0.00056678
22,4800.96,0.0048,1,1,0.00125,0.000511769,0.000511769,0.000511769
23,5033.34,0.00247,1,1,0.00049,0.000456758,0.000456758,0.000456758
24,5247.52,0.00489,1,1,0.00017,0.000401747,0.000401747,0.000401747
