epoch,time,train/box_loss,train/seg_loss,train/cls_loss,train/dfl_loss,train/sem_loss,metrics/precision(B),metrics/recall(B),metrics/mAP50(B),metrics/mAP50-95(B),metrics/precision(M),metrics/recall(M),metrics/mAP50(M),metrics/mAP50-95(M),val/box_loss,val/seg_loss,val/cls_loss,val/dfl_loss,val/sem_loss,lr/pg0,lr/pg1,lr/pg2
1,21.8364,0.86887,2.21371,3.97328,1.24264,0,0.00464,1,0.1016,0.05566,0.00464,1,0.13394,0.08416,0.6097,1.05304,3.57697,1.11057,0,0,0,0
2,38.8967,0.79513,2.16747,3.29109,1.13388,0,0.00462,1,0.11824,0.06186,0.00462,1,0.14679,0.09787,0.59335,1.01793,3.57158,1.09184,0,1.63399e-05,1.63399e-05,1.63399e-05
3,50.9486,0.61908,1.67421,3.27267,1.0126,0,0.00458,1,0.16874,0.07844,0.00458,1,0.16791,0.11526,0.59656,0.98372,3.56031,1.07972,0,3.20197e-05,3.20197e-05,3.20197e-05
4,62.2004,0.43813,0.71296,3.187,0.95203,0,0.00456,1,0.23065,0.10012,0.00456,1,0.23065,0.14247,0.59056,0.95218,3.582,1.0727,0,4.70394e-05,4.70394e-05,4.70394e-05
5,73.7247,0.64621,1.62739,3.25554,1.13606,0,0.00454,1,0.20503,0.12806,0.00454,1,0.20503,0.15956,0.60518,0.93532,3.621,1.06939,0,6.13989e-05,6.13989e-05,6.13989e-05
6,86.1302,0.48808,1.0995,3.38279,0.98957,0,0.00446,1,0.22931,0.16286,0.00446,1,0.22931,0.19576,0.61756,0.93109,3.5996,1.05948,0,7.50984e-05,7.50984e-05,7.50984e-05
7,98.0927,0.57957,1.05205,3.03391,0.94927,0,0.00448,1,0.27579,0.19466,0.00448,1,0.27579,0.22664,0.63413,0.89489,3.54783,1.03763,0,8.81376e-05,8.81376e-05,8.81376e-05
8,112.342,0.47496,0.66859,2.68341,0.92424,0,0.00441,1,0.32576,0.22429,0.00441,1,0.3313,0.26033,0.64684,0.90517,3.53879,1.05025,0,0.000100517,0.000100517,0.000100517
9,125.515,0.59845,0.75012,2.92345,0.99822,0,0.00444,1,0.38822,0.25787,0.00444,1,0.38822,0.29131,0.61666,0.89932,3.5275,1.03812,0,0.000112236,0.000112236,0.000112236
10,138.287,0.53493,0.87648,2.49024,0.94929,0,0.00447,1,0.40662,0.26518,0.00447,1,0.40662,0.30432,0.56662,0.90109,3.51156,1.01235,0,0.000123295,0.000123295,0.000123295
11,153.451,0.4646,0.7685,2.36406,0.87473,0,0.0045,1,0.41299,0.27565,0.0045,1,0.41299,0.32185,0.5396,0.88732,3.47732,0.98306,0,0.000133693,0.000133693,0.000133693
12,168.612,0.64985,0.81824,2.57022,0.9576,0,0.00461,1,0.45794,0.30343,0.00461,1,0.45794,0.36229,0.55853,0.93922,3.5141,1.00288,0,0.000143432,0.000143432,0.000143432
13,181.649,0.51392,0.51899,2.07558,0.93595,0,0.0048,1,0.43132,0.29833,0.0048,1,0.43132,0.3422,0.65974,1.00649,3.49871,1.06828,0,0.00015251,0.00015251,0.00015251
14,193.938,0.4284,0.47253,2.13668,0.91084,0,0.0051,1,0.41306,0.29415,0.0051,1,0.41306,0.34232,0.78734,1.0447,3.51839,1.19956,0,0.000160929,0.000160929,0.000160929
15,206.107,0.4634,0.56985,1.64389,0.95055,0,0.00551,1,0.39969,0.28731,0.00551,1,0.39969,0.32895,0.86357,1.15611,3.55355,1.30022,0,0.000168687,0.000168687,0.000168687
16,217.658,0.50997,0.51281,1.65769,0.87792,0,0.00616,1,0.37443,0.26056,0.00616,1,0.37443,0.29069,0.8171,1.25845,3.59874,1.31302,0,0.000175785,0.000175785,0.000175785
17,231.657,0.49587,0.55532,1.46815,0.86621,0,0.00689,1,0.39381,0.27295,0.00689,1,0.39381,0.30264,0.96245,1.34548,3.61237,1.44815,0,0.000182223,0.000182223,0.000182223
18,246.138,0.46135,0.40728,1.588,0.93511,0,0.00689,1,0.39381,0.27295,0.00689,1,0.39381,0.30264,0.96245,1.34548,3.61237,1.44815,0,0.000188001,0.000188001,0.000188001
19,259.566,0.44464,0.4641,1.61534,0.86165,0,0.00771,1,0.38105,0.23314,0.00771,1,0.38105,0.26928,1.05433,1.37973,3.62465,1.69703,0,0.000193119,0.000193119,0.000193119
20,271.643,0.49186,0.52701,1.63208,0.8636,0,0.00771,1,0.38105,0.23314,0.00771,1,0.38105,0.26928,1.05433,1.37973,3.62465,1.69703,0,0.000197576,0.000197576,0.000197576
21,283.36,0.49811,0.58275,1.62084,0.90975,0,0.00842,1,0.37902,0.21721,0.00842,1,0.37969,0.23697,1.04816,1.55278,3.72777,1.72432,0,0.000201374,0.000201374,0.000201374
22,294.575,0.51223,0.42335,1.6059,0.9392,0,0.00842,1,0.37902,0.21721,0.00842,1,0.37969,0.23697,1.04816,1.55278,3.72777,1.72432,0,0.000204511,0.000204511,0.000204511
23,310.817,0.3332,0.34594,1.8091,0.86932,0,0.00855,1,0.32898,0.18354,0.00855,1,0.38745,0.22397,1.1211,1.75125,3.81902,1.78428,0,0.000206988,0.000206988,0.000206988
24,330.96,0.4807,0.53482,1.47207,0.91772,0,0.00855,1,0.32898,0.18354,0.00855,1,0.38745,0.22397,1.1211,1.75125,3.81902,1.78428,0,0.000208805,0.000208805,0.000208805
25,345.707,0.45893,0.44132,1.19841,0.89961,0,0.00871,1,0.41006,0.1753,0.00871,1,0.28663,0.18785,1.25124,1.69108,3.91754,1.81752,0,0.000209962,0.000209962,0.000209962
26,359.347,0.43454,0.31246,1.31851,0.8103,0,0.00871,1,0.41006,0.1753,0.00871,1,0.28663,0.18785,1.25124,1.69108,3.91754,1.81752,0,0.000210459,0.000210459,0.000210459
27,374.083,0.45179,0.41291,1.45259,0.895,0,0.00858,1,0.3283,0.16469,0.00858,1,0.31771,0.1732,1.21562,1.75747,3.93359,1.71159,0,0.000210295,0.000210295,0.000210295
28,394.124,0.443,0.39099,1.36268,0.92688,0,0.00858,1,0.3283,0.16469,0.00858,1,0.31771,0.1732,1.21562,1.75747,3.93359,1.71159,0,0.000209472,0.000209472,0.000209472
29,407.158,0.53928,0.77872,1.21317,0.89744,0,0.00858,1,0.32594,0.15529,0.00858,1,0.31679,0.18208,1.14581,1.89747,3.92414,1.63246,0,0.000207988,0.000207988,0.000207988
30,419.576,0.44255,0.41133,1.15521,0.89282,0,0.00858,1,0.32594,0.15529,0.00858,1,0.31679,0.18208,1.14581,1.89747,3.92414,1.63246,0,0.000205844,0.000205844,0.000205844
31,432.888,0.51144,0.61908,1.16969,0.88125,0,0.00863,1,0.4582,0.22159,0.00863,1,0.45354,0.30402,0.98236,1.83384,3.80825,1.45644,0,0.000203041,0.000203041,0.000203041
32,452.14,0.38254,1.00257,1.53592,0.84202,0,0.00863,1,0.4582,0.22159,0.00863,1,0.45354,0.30402,0.98236,1.83384,3.80825,1.45644,0,0.000199577,0.000199577,0.000199577
33,468.298,0.48398,0.46672,1.12308,0.91425,0,0.00648,0.75,0.49042,0.27219,0.00756,0.875,0.49068,0.3771,0.91841,1.81492,3.71318,1.37619,0,0.000195452,0.000195452,0.000195452
34,482.589,0.38023,0.33817,1.26087,0.8692,0,0.00648,0.75,0.49042,0.27219,0.00756,0.875,0.49068,0.3771,0.91841,1.81492,3.71318,1.37619,0,0.000190668,0.000190668,0.000190668
35,497.899,0.4267,0.4857,1.31206,0.90344,0,0.00771,0.875,0.45583,0.23861,0.00771,0.875,0.4529,0.35112,0.98389,1.71731,3.70037,1.38268,0,0.000185224,0.000185224,0.000185224
36,524.034,0.44223,0.39127,1.18257,0.87033,0,0.00771,0.875,0.45583,0.23861,0.00771,0.875,0.4529,0.35112,0.98389,1.71731,3.70037,1.38268,0,0.000179119,0.000179119,0.000179119
37,549.597,0.42879,0.45424,1.24611,0.89406,0,0.00773,0.875,0.45384,0.25129,0.00773,0.875,0.45266,0.35342,0.98495,1.63001,3.75001,1.38302,0,0.000172354,0.000172354,0.000172354
38,567.445,0.43402,0.34885,1.22347,0.88062,0,0.00773,0.875,0.45384,0.25129,0.00773,0.875,0.45266,0.35342,0.98495,1.63001,3.75001,1.38302,0,0.00016493,0.00016493,0.00016493
39,582.127,0.44654,0.35038,1.36877,0.92222,0,0.00775,0.875,0.45458,0.20992,0.00775,0.875,0.45397,0.3132,0.99571,1.54836,3.75186,1.37401,0,0.000156845,0.000156845,0.000156845
40,596.154,0.45386,0.44245,1.20328,0.93186,0,0.00775,0.875,0.45458,0.20992,0.00775,0.875,0.45397,0.3132,0.99571,1.54836,3.75186,1.37401,0,0.0001481,0.0001481,0.0001481
41,614.028,0.45179,0.53923,2.05357,0.93104,0,0.00776,0.875,0.4649,0.21396,0.00776,0.875,0.46456,0.31917,0.95011,1.51029,3.73792,1.3556,0,0.000138694,0.000138694,0.000138694
42,630.936,0.39127,0.36709,1.93883,0.92015,0,0.00776,0.875,0.4649,0.21396,0.00776,0.875,0.46456,0.31917,0.95011,1.51029,3.73792,1.3556,0,0.000128629,0.000128629,0.000128629
43,655.359,0.47935,0.33955,1.93975,0.95106,0,0.00766,0.875,0.46897,0.23176,0.00766,0.875,0.46852,0.32277,0.91595,1.54899,3.75471,1.38808,0,0.000117904,0.000117904,0.000117904
44,677.365,0.35367,0.28868,1.79699,0.89627,0,0.00766,0.875,0.46897,0.23176,0.00766,0.875,0.46852,0.32277,0.91595,1.54899,3.75471,1.38808,0,0.000106518,0.000106518,0.000106518
45,693.528,0.41237,0.31823,1.84037,0.89205,0,0.00751,0.875,0.43708,0.22656,0.00751,0.875,0.43676,0.31246,0.92802,1.48296,3.73952,1.45686,0,9.44722e-05,9.44722e-05,9.44722e-05
46,708.748,0.35397,0.33319,1.70376,0.828,0,0.00751,0.875,0.43708,0.22656,0.00751,0.875,0.43676,0.31246,0.92802,1.48296,3.73952,1.45686,0,8.17663e-05,8.17663e-05,8.17663e-05
47,733.452,0.32416,0.34872,1.79611,0.71325,0,0.00738,0.875,0.42385,0.23735,0.00738,0.875,0.43718,0.32654,0.90137,1.43253,3.72244,1.45025,0,6.84003e-05,6.84003e-05,6.84003e-05
48,752.46,0.39625,0.34203,1.93614,0.87772,0,0.00738,0.875,0.42385,0.23735,0.00738,0.875,0.43718,0.32654,0.90137,1.43253,3.72244,1.45025,0,5.43742e-05,5.43742e-05,5.43742e-05
49,769.583,0.33773,0.2363,1.79079,0.86731,0,0.00734,0.875,0.46907,0.24663,0.00734,0.875,0.46844,0.34498,0.86942,1.36701,3.6971,1.44794,0,3.96879e-05,3.96879e-05,3.96879e-05
50,784.733,0.42389,0.34946,1.84915,0.84373,0,0.00734,0.875,0.46907,0.24663,0.00734,0.875,0.46844,0.34498,0.86942,1.36701,3.6971,1.44794,0,2.43415e-05,2.43415e-05,2.43415e-05
